
/docs/*          /:splat

# Deleted old tutorials
/tutorials/basic-tutorial               /tutorials/overview
/tutorials/intermediate-tutorial        /tutorials/overview
/tutorials/advanced-tutorial            /tutorials/overview

# Renamed start page
/introduction/quick-start               /introduction/getting-started

# Relocated content
/rtk-query/usage/optimistic-updates     /rtk-query/usage/manual-cache-updates#optimistic-updates
/rtk-query/api/created-api/cache-management-utils     /rtk-query/api/created-api/api-slice-utils
/migrations/migrating-1.x-to-2.x     /usage/migrating-rtk-2
